id,name,_geom
1,Polygon,"POLYGON ((8.47771167755127 47.38199192001289, 8.495779037475586 47.38199192001289, 8.495779037475586 47.39091206104779, 8.47771167755127 47.39091206104779, 8.47771167755127 47.38199192001289))"
2,LineString,"LINESTRING (8.47771167755127 47.38199192001289, 8.495779037475586 47.38199192001289)"
3,Point,POINT (8.47771167755127 47.38199192001289)
